"Squad","Player","Cmp_Total","Att_Total","Cmp_percent_Total","xAG","xA_Expected","A_minus_xAG_Expected","KP","Final_Third","PPA","CrsPA","PrgP"
"Arsenal","Riccardo Calafiori",272,340,80,0.5,0.2,1.5,4,15,5,2,25
"Arsenal","Max Dowman",4,4,100,0,0,0,0,0,0,0,0
"Arsenal","Eberechi Eze",131,155,84.5,0.8,0.9,1.2,4,8,6,1,22
"Arsenal","Viktor Gyökeres",46,83,55.4,0.3,0.5,-0.3,5,2,3,0,7
"Arsenal","Kai Havertz",5,9,55.6,0,0,0,0,0,0,0,2
"Arsenal","Myles Lewis-Skelly",53,57,93,0,0,0,0,2,0,0,1
"Arsenal","Noni Madueke",73,122,59.8,0.8,0.8,-0.8,8,0,7,1,9
"Arsenal","Gabriel Magalhães",438,487,89.9,0.3,0.1,0.7,1,26,0,0,32
"Arsenal","Gabriel Martinelli",22,34,64.7,0.1,0.1,-0.1,2,2,1,0,5
"Arsenal","Mikel Merino",88,110,80,0.1,0.1,-0.1,2,11,3,0,11
"Arsenal","Cristhian Mosquera",157,173,90.8,0,0,0,0,3,0,0,5
"Arsenal","Ethan Nwaneri",72,81,88.9,0,0.1,0,1,8,2,0,13
"Arsenal","Christian Nørgaard",2,2,100,0,0,0,0,0,0,0,0
"Arsenal","David Raya",205,283,72.4,0.1,0,-0.1,1,20,1,0,3
"Arsenal","Declan Rice",443,513,86.4,1.2,1.2,0.8,12,39,8,2,54
"Arsenal","Bukayo Saka",133,192,69.3,1.4,2,-1.4,13,2,11,2,11
"Arsenal","William Saliba",443,474,93.5,0.1,0.2,-0.1,1,22,1,0,23
"Arsenal","Jurriën Timber",300,353,85,0.6,0.6,0.4,10,34,14,1,47
"Arsenal","Leandro Trossard",117,172,68,0.3,0.6,0.7,6,6,9,2,13
"Arsenal","Ben White",21,27,77.8,0,0,0,1,5,0,0,4
"Arsenal","Martín Zubimendi",431,480,89.8,0.7,0.9,-0.7,6,36,6,0,48
"Arsenal","Martin Ødegaard",111,140,79.3,0.5,0.8,0.5,3,19,9,0,26
"Aston Villa","Ross Barkley",7,8,87.5,0,0,0,0,1,0,0,2
"Aston Villa","Marco Bizot",46,67,68.7,0,0,0,0,0,0,0,1
"Aston Villa","Lamare Bogarde",148,157,94.3,0,0.1,0,2,14,1,0,8
"Aston Villa","Emi Buendía",105,131,80.2,0.4,0.6,0.6,6,13,9,0,23
"Aston Villa","Matty Cash",344,433,79.4,0.5,0.6,-0.5,6,35,4,1,30
"Aston Villa","Lucas Digne",220,307,71.7,0.6,1.1,1.4,7,7,9,5,11
"Aston Villa","Harvey Elliott",53,62,85.5,0,0.1,0,0,6,1,1,5
"Aston Villa","Evann Guessand",55,75,73.3,0,0.5,0,1,2,4,0,7
"Aston Villa","Boubacar Kamara",207,234,88.5,0.3,0.3,1.7,4,27,5,0,31
"Aston Villa","Ezri Konsa",426,450,94.7,0,0.1,0,1,33,1,0,24
"Aston Villa","Victor Lindelöf",9,11,81.8,0,0,0,0,1,0,0,2
"Aston Villa","Ian Maatsen",119,143,83.2,0.3,0.2,-0.3,4,15,3,1,15
"Aston Villa","Donyell Malen",44,58,75.9,0.2,0.1,-0.2,3,4,2,0,7
"Aston Villa","Emiliano Martínez",183,230,79.6,0,0,0,0,7,2,0,0
"Aston Villa","John McGinn",211,268,78.7,0.9,0.8,-0.9,8,14,12,6,32
"Aston Villa","Tyrone Mings",302,338,89.3,0.1,0.1,-0.1,3,28,1,0,27
"Aston Villa","Amadou Onana",91,109,83.5,0,0.1,0,0,4,0,0,9
"Aston Villa","Bradley Paul Burrowes",3,8,37.5,0,0,0,0,0,0,0,0
"Aston Villa","Morgan Rogers",149,211,70.6,1,0.6,1,7,10,6,0,23
"Aston Villa","Jadon Sancho",15,18,83.3,0,0,0,0,0,3,0,3
"Aston Villa","Youri Tielemans",195,235,83,0.2,0.4,-0.2,4,25,1,0,21
"Aston Villa","Pau Torres",238,266,89.5,0,0.2,0,0,17,0,0,19
"Aston Villa","Ollie Watkins",77,107,72,0.4,0.2,-0.4,4,4,1,0,8
"Bournemouth","Tyler Adams",323,386,83.7,0,0.2,0,1,33,0,0,33
"Bournemouth","Amine Adli",55,79,69.6,0.2,0.1,-0.2,4,1,1,0,5
"Bournemouth","David Brooks",145,210,69,1.4,1.3,-0.4,7,15,6,4,16
"Bournemouth","Ryan Christie",75,102,73.5,0,0.1,0,1,17,1,0,12
"Bournemouth","Lewis Cook",3,4,75,0,0,0,0,0,0,0,0
"Bournemouth","Bafodé Diakité",319,361,88.4,0.1,0.1,-0.1,3,24,0,0,19
"Bournemouth","Evanilson",89,106,84,0.8,0.3,-0.8,9,3,3,0,7
"Bournemouth","Ben Gannon-Doak",12,14,85.7,0.6,0.1,0.4,1,0,1,0,1
"Bournemouth","James Hill",96,146,65.8,0,0.2,0,0,15,3,0,17
"Bournemouth","Álex Jiménez",104,129,80.6,0.1,0.1,-0.1,1,7,2,1,11
"Bournemouth","Eli Junior Kroupi",16,29,55.2,0,0,0,0,0,0,0,0
"Bournemouth","Hamed Junior Traorè",2,3,66.7,0.2,0,0.8,1,0,0,0,0
"Bournemouth","Justin Kluivert",68,97,70.1,0.3,0.6,-0.3,5,4,3,0,7
"Bournemouth","Veljko Milosavljević",35,42,83.3,0.1,0.2,-0.1,1,4,0,0,3
"Bournemouth","Đorđe Petrović",180,256,70.3,0,0,0,0,6,0,0,0
"Bournemouth","Alex Scott",221,271,81.5,0.4,0.3,-0.4,5,15,3,2,15
"Bournemouth","Antoine Semenyo",165,246,67.1,0.5,0.4,2.5,10,8,13,0,29
"Bournemouth","Marcos Senesi",383,497,77.1,0.3,1.1,1.7,4,54,12,3,42
"Bournemouth","Adam Smith",69,87,79.3,0.3,0.1,-0.3,1,7,0,0,6
"Bournemouth","Julio Soler",0,0,NA,0,0,0,0,0,0,0,0
"Bournemouth","Marcus Tavernier",185,238,77.7,1.2,1.1,-0.2,9,19,7,0,28
"Bournemouth","Adrien Truffert",332,418,79.4,0.6,0.4,0.4,6,32,9,7,42
"Bournemouth","Ben Winterburn",0,1,0,0,0,0,0,0,0,0,0
"Brentford","Kristoffer Ajer",75,110,68.2,0.7,0.5,0.3,1,5,3,0,12
"Brentford","Fabio Carvalho",19,27,70.4,0,0,0,0,0,1,0,2
"Brentford","Nathan Collins",305,361,84.5,0.5,0.4,-0.5,2,13,2,0,17
"Brentford","Mikkel Damsgaard",168,252,66.7,1.4,1.3,-0.4,10,17,9,4,27
"Brentford","Sepp van den Berg",310,347,89.3,0.1,0.1,-0.1,1,14,0,0,17
"Brentford","Jordan Henderson",280,357,78.4,0.6,0.6,1.4,5,33,6,3,36
"Brentford","Rico Henry",36,69,52.2,0.1,0.1,-0.1,1,1,1,0,2
"Brentford","Aaron Hickey",69,87,79.3,0,0.1,0,0,6,2,0,4
"Brentford","Vitaly Janelt",50,67,74.6,0.1,0.2,-0.1,2,4,0,0,5
"Brentford","Mathias Jensen",58,78,74.4,0.2,0.1,-0.2,3,12,3,0,14
"Brentford","Michael Kayode",275,371,74.1,1.4,1.1,-1.4,13,9,8,6,18
"Brentford","Caoimhín Kelleher",232,332,69.9,0,0,0,1,7,0,0,1
"Brentford","Keane Lewis-Potter",82,113,72.6,0.6,0.3,0.4,4,3,3,2,7
"Brentford","Antoni Milambo",8,11,72.7,0,0,0,0,2,0,0,3
"Brentford","Frank Onyeka",28,36,77.8,0.1,0.4,0.9,1,7,0,0,4
"Brentford","Dango Ouattara",49,105,46.7,0.7,0.4,-0.7,4,3,1,0,7
"Brentford","Ethan Pinnock",51,71,71.8,0,0,0,0,5,0,0,2
"Brentford","Kevin Schade",84,138,60.9,1.1,0.7,-0.1,11,5,3,1,6
"Brentford","Thiago",93,131,71,1.1,0.2,-1.1,4,5,3,2,7
"Brentford","Yehor Yarmoliuk",238,290,82.1,0.3,0.4,0.7,7,23,5,1,29
"Brighton","Yasin Ayari",306,362,84.5,0.3,0.5,-0.3,8,17,4,1,26
"Brighton","Carlos Baleba",166,201,82.6,0,0.2,0,2,13,1,0,10
"Brighton","Diego Coppola",5,5,100,0,0,0,0,1,0,0,2
"Brighton","Maxim De Cuyper",184,227,81.1,0.4,0.8,-0.4,5,11,6,2,19
"Brighton","Lewis Dunk",573,622,92.1,0,0.1,0,1,32,0,0,29
"Brighton","Diego Gómez",97,129,75.2,0.5,0.1,-0.5,3,15,2,1,11
"Brighton","Brajan Gruda",49,63,77.8,0.5,0.4,0.5,4,2,3,1,6
"Brighton","Jan Paul van Hecke",513,595,86.2,0,0.3,0,1,64,3,2,65
"Brighton","Jack Hinshelwood",46,54,85.2,0,0,0,0,2,1,0,2
"Brighton","Ferdi Kadioglu",199,250,79.6,0.4,0.6,-0.4,2,23,9,5,29
"Brighton","Charalampos Kostoulas",4,8,50,0,0,0,0,0,0,0,0
"Brighton","James Milner",96,109,88.1,0.2,0.4,0.8,4,14,3,1,9
"Brighton","Yankuba Minteh",122,230,53,2.1,1.5,-0.1,14,8,7,5,11
"Brighton","Kaoru Mitoma",106,137,77.4,1.1,0.3,-0.1,7,5,7,2,13
"Brighton","Matt O'Riley",51,61,83.6,0.2,0.2,-0.2,4,5,1,1,5
"Brighton","Georginio Rutter",83,125,66.4,1.8,0.8,0.2,8,13,6,0,26
"Brighton","Stefanos Tzimas",9,13,69.2,0.3,0.1,0.7,5,0,0,0,0
"Brighton","Joël Veltman",80,108,74.1,0,0,0,1,11,0,0,14
"Brighton","Bart Verbruggen",252,346,72.8,0.1,0,-0.1,1,5,1,0,0
"Brighton","Tom Watson",9,12,75,0,0,0,0,1,0,0,1
"Brighton","Danny Welbeck",93,119,78.2,0.3,0.5,-0.3,7,10,1,0,8
"Brighton","Mats Wieffer",229,278,82.4,0.8,0.6,0.2,5,17,4,1,29
"Burnley","Jaidon Anthony",128,197,65,0.3,0.6,0.7,7,11,6,3,11
"Burnley","Ashley Barnes",1,5,20,0,0,0,0,0,0,0,0
"Burnley","Armando Broja",4,5,80,0,0,0,0,0,0,0,0
"Burnley","Jacob Bruun Larsen",56,73,76.7,0.6,0.4,0.4,2,3,1,1,5
"Burnley","Josh Cullen",306,371,82.5,0.8,0.6,0.2,8,39,3,0,39
"Burnley","Martin Dúbravka",147,281,52.3,0,0,0,0,7,0,0,0
"Burnley","Marcus Edwards",0,0,NA,0,0,0,0,0,0,0,0
"Burnley","Hjalmar Ekdal",138,163,84.7,0.1,0.2,-0.1,2,5,0,0,6
"Burnley","Maxime Estève",224,255,87.8,0.1,0.1,-0.1,2,17,0,0,16
"Burnley","Zian Flemming",9,23,39.1,0.1,0,-0.1,1,0,0,0,0
"Burnley","Lyle Foster",66,106,62.3,0.6,0.2,0.4,5,6,1,0,6
"Burnley","Quilindschy Hartman",196,288,68.1,0.6,0.7,1.4,8,13,8,5,16
"Burnley","Bashir Humphreys",2,2,100,0,0,0,0,0,0,0,0
"Burnley","Josh Laurent",102,137,74.5,0.2,0.1,-0.2,1,9,1,0,8
"Burnley","Florentino Luís",142,161,88.2,0.1,0,0.9,4,12,0,0,18
"Burnley","Hannibal Mejbri",46,59,78,0.4,0.2,-0.4,2,2,2,1,5
"Burnley","Oliver Sonne",19,29,65.5,0,0.1,0,1,1,2,1,4
"Burnley","Loum Tchaouna",53,77,68.8,0.1,0.2,-0.1,1,3,6,2,7
"Burnley","Axel Tuanzebe",63,76,82.9,0,0,0,0,2,0,0,2
"Burnley","Lesley Ugochukwu",84,104,80.8,0,0,0,1,6,1,0,9
"Burnley","Kyle Walker",243,358,67.9,0.4,0.4,0.6,1,16,2,1,21
"Burnley","Joe Worrall",2,5,40,0,0,0,0,0,0,0,1
"Chelsea","Joshua Acheampong",273,296,92.2,0,0,0,0,8,0,0,11
"Chelsea","Tosin Adarabioyo",324,361,89.8,0,0.1,0,0,17,1,0,15
"Chelsea","Benoît Badiashile",53,57,93,0,0,0,0,6,1,0,4
"Chelsea","Facundo Buonanotte",20,22,90.9,0.3,0.1,-0.3,2,2,0,0,0
"Chelsea","Moisés Caicedo",492,540,91.1,0.1,0.4,-0.1,3,46,3,0,49
"Chelsea","Trevoh Chalobah",540,593,91.1,0.1,0.6,-0.1,2,40,4,1,29
"Chelsea","Marc Cucurella",394,449,87.8,1.5,1.3,0.5,14,35,6,1,33
"Chelsea","Liam Delap",9,15,60,0,0,0,0,1,1,0,3
"Chelsea","Enzo Fernández",392,480,81.7,1.1,0.9,-0.1,11,48,14,1,56
"Chelsea","Wesley Fofana",96,105,91.4,0,0,0,0,10,0,0,4
"Chelsea","Alejandro Garnacho",47,63,74.6,0.1,0.1,-0.1,1,1,0,0,2
"Chelsea","Tyrique George",21,24,87.5,0,0.1,0,0,3,2,1,4
"Chelsea","Jamie Gittens",51,60,85,0.2,0.2,-0.2,5,0,2,0,4
"Chelsea","Marc Guiu",5,8,62.5,0,0,0,0,1,0,0,1
"Chelsea","Malo Gusto",223,263,84.8,0.2,0.3,0.8,4,21,3,0,23
"Chelsea","Jorrel Hato",97,110,88.2,0,0,0,0,5,0,0,4
"Chelsea","Reece James",457,532,85.9,1.3,1,0.7,12,44,6,1,45
"Chelsea","João Pedro",179,222,80.6,1.8,0.5,1.2,10,15,7,0,27
"Chelsea","Filip Jørgensen",27,35,77.1,0,0,0,0,0,0,0,0
"Chelsea","Roméo Lavia",59,62,95.2,0,0,0,0,6,0,0,8
"Chelsea","Pedro Neto",204,280,72.9,1.6,1.7,0.4,14,8,14,4,24
"Chelsea","Cole Palmer",40,53,75.5,0,0.1,0,1,3,2,0,11
"Chelsea","Robert Sánchez",231,344,67.2,0.1,0,-0.1,2,7,0,0,0
"Chelsea","Andrey Santos",95,117,81.2,0.1,0,-0.1,3,14,1,0,13
"Chelsea","Estêvão Willian",96,119,80.7,1.3,1.3,-0.3,5,3,3,2,4
"Crystal Palace","Nathaniel Clyne",3,3,100,0,0,0,0,0,0,0,0
"Crystal Palace","Justin Devenny",38,54,70.4,0.1,0.2,-0.1,2,5,1,0,5
"Crystal Palace","Odsonne Édouard",0,1,0,0,0,0,0,0,0,0,0
"Crystal Palace","Romain Esse",5,7,71.4,0,0,0,0,1,1,0,2
"Crystal Palace","Eberechi Eze",16,25,64,0,0,0,0,2,0,0,1
"Crystal Palace","Marc Guéhi",368,428,86,1.1,0.8,-0.1,6,34,2,0,39
"Crystal Palace","Dean Henderson",193,299,64.5,0,0.1,0,1,9,2,0,0
"Crystal Palace","Will Hughes",123,154,79.9,0.5,0.6,-0.5,5,9,6,1,25
"Crystal Palace","Daichi Kamada",173,221,78.3,0.9,1,-0.9,6,21,6,1,26
"Crystal Palace","Maxence Lacroix",318,368,86.4,0.6,0.2,0.4,2,13,1,0,13
"Crystal Palace","Jefferson Lerma",66,85,77.6,0,0,0,1,6,0,0,10
"Crystal Palace","Jean-Philippe Mateta",66,105,62.9,0.1,0.5,-0.1,1,4,3,1,8
"Crystal Palace","Tyrick Mitchell",252,346,72.8,0.6,0.5,-0.6,8,12,8,6,13
"Crystal Palace","Daniel Muñoz",205,280,73.2,2.4,1.7,-0.4,6,8,10,4,19
"Crystal Palace","Eddie Nketiah",12,16,75,0.7,0.4,-0.7,3,2,0,0,2
"Crystal Palace","Yeremi Pino",101,148,68.2,1.2,0.8,-1.2,6,12,7,1,26
"Crystal Palace","Chris Richards",255,318,80.2,0.3,0.8,-0.3,3,10,2,1,12
"Crystal Palace","Ismaila Sarr",83,114,72.8,0.5,0.3,0.5,6,8,6,0,19
"Crystal Palace","Christantus Uche",5,10,50,0,0,0,0,1,0,0,0
"Crystal Palace","Adam Wharton",188,243,77.4,2.2,1.7,-2.2,13,22,5,0,31
"Everton","Carlos Alcaraz",63,79,79.7,0,0.1,0,1,3,1,0,5
"Everton","Harrison Armstrong",0,0,NA,0,0,0,0,0,0,0,0
"Everton","Thierno Barry",29,44,65.9,0,0,0,1,0,0,0,2
"Everton","Beto",42,71,59.2,0.2,0.1,-0.2,2,4,0,0,2
"Everton","Séamus Coleman",0,0,NA,0,0,0,0,0,0,0,0
"Everton","Kiernan Dewsbury-Hall",194,249,77.9,1.8,1.4,-0.8,13,23,18,2,36
"Everton","Tyler Dibling",15,18,83.3,0,0,0,0,1,0,0,0
"Everton","Idrissa Gana Gueye",307,355,86.5,0.1,0.4,-0.1,2,23,6,2,38
"Everton","James Garner",344,418,82.3,0.8,0.7,0.2,8,31,10,4,38
"Everton","Jack Grealish",200,244,82,2.4,1.9,1.6,17,16,8,2,29
"Everton","Tim Iroegbunam",59,79,74.7,0,0,0,0,5,1,0,8
"Everton","Michael Keane",246,291,84.5,0.1,0.1,-0.1,1,13,1,0,18
"Everton","Dwight McNeil",7,8,87.5,0.1,0,-0.1,1,0,0,0,0
"Everton","Vitaliy Mykolenko",173,237,73,0.2,0.4,-0.2,2,17,6,0,26
"Everton","Iliman Ndiaye",158,206,76.7,2,1.6,-1,13,6,7,3,12
"Everton","Jake O'Brien",227,341,66.6,0.1,0.2,-0.1,3,18,3,3,20
"Everton","Jordan Pickford",214,338,63.3,0,0.1,0,0,21,2,0,0
"Everton","Merlin Röhl",12,19,63.2,0.1,0,-0.1,1,3,0,0,3
"Everton","James Tarkowski",273,345,79.1,0.3,0.4,-0.3,3,22,2,1,24
"Fulham","Joachim Andersen",393,467,84.2,0.7,0.7,-0.7,2,46,4,0,28
"Fulham","Calvin Bassey",431,498,86.5,0,0.1,0,1,33,2,0,20
"Fulham","Sander Berge",341,388,87.9,0.4,0.3,-0.4,4,34,5,1,42
"Fulham","Tom Cairney",109,119,91.6,0,0.1,0,1,10,2,0,12
"Fulham","Timothy Castagne",138,170,81.2,0.2,0.1,-0.2,3,2,5,2,9
"Fulham","Samuel Chukwueze",18,25,72,0.5,0.4,0.5,2,0,1,0,1
"Fulham","Jorge Cuenca",74,85,87.1,0,0,0,0,1,0,0,2
"Fulham","Issa Diop",90,110,81.8,0,0,0,0,10,0,0,7
"Fulham","Alex Iwobi",281,362,77.6,1.6,1.2,0.4,13,35,22,6,52
"Fulham","Raúl Jiménez",47,77,61,0,0.1,0,0,4,0,0,5
"Fulham","Kevin",46,72,63.9,0.3,0.2,-0.3,4,3,4,3,5
"Fulham","Joshua King",104,133,78.2,0.1,0.3,-0.1,3,6,4,0,20
"Fulham","Jonah Kusi-Asare",1,2,50,0,0,0,0,1,0,0,1
"Fulham","Bernd Leno",272,360,75.6,0,0,0,0,1,0,0,0
"Fulham","Saša Lukić",222,271,81.9,1.1,1,-0.1,13,16,5,1,22
"Fulham","Rodrigo Muniz",11,36,30.6,0.3,0,0.7,4,2,1,0,2
"Fulham","Antonee Robinson",50,64,78.1,0,0.1,0,1,3,2,1,5
"Fulham","Ryan Sessegnon",232,330,70.3,0.8,0.7,-0.8,5,22,4,0,21
"Fulham","Emile Smith Rowe",103,121,85.1,0.1,0.1,-0.1,2,7,2,0,11
"Fulham","Kenny Tete",248,302,82.1,0.1,0.4,-0.1,2,14,3,1,28
"Fulham","Adama Traoré",46,69,66.7,0.5,0.5,-0.5,3,1,5,3,3
"Fulham","Harry Wilson",115,162,71,0.2,0.3,-0.2,6,11,3,0,11
"Leeds United","Brenden Aaronson",119,152,78.3,1,1.3,-1,9,10,9,4,19
"Leeds United","Ethan Ampadu",354,426,83.1,0.1,0.2,-0.1,2,37,3,2,26
"Leeds United","Jaka Bijol",53,57,93,0.1,0,-0.1,1,1,0,0,1
"Leeds United","Jayden Bogle",245,328,74.7,0.2,0.4,-0.2,3,16,7,4,23
"Leeds United","Sam Byram",1,1,100,0,0,0,0,0,0,0,0
"Leeds United","Dominic Calvert-Lewin",63,93,67.7,0.9,0.5,-0.9,8,7,3,0,7
"Leeds United","Karl Darlow",133,208,63.9,0,0,0,0,3,0,0,1
"Leeds United","Wilfried Gnonto",55,71,77.5,0.1,0.1,-0.1,1,1,1,0,4
"Leeds United","Ilia Gruev",96,103,93.2,0,0,0,0,9,0,0,7
"Leeds United","Gabriel Gudmundsson",310,399,77.7,1.3,1,-1.3,9,18,10,7,27
"Leeds United","Jack Harrison",81,118,68.6,0.3,0.2,-0.3,1,4,4,1,8
"Leeds United","Daniel James",31,66,47,0.4,0.4,-0.4,4,4,3,2,6
"Leeds United","James Justin",28,35,80,0,0,0,0,2,0,0,2
"Leeds United","Sean Longstaff",262,315,83.2,1.8,0.8,0.2,18,17,2,2,20
"Leeds United","Lukas Nmecha",29,43,67.4,0,0,0,0,0,0,0,2
"Leeds United","Noah Okafor",64,87,73.6,0.4,0.4,-0.4,4,7,4,1,11
"Leeds United","Lucas Perri",82,156,52.6,0,0,0,0,4,0,0,0
"Leeds United","Joël Piroe",38,48,79.2,0,0.1,0,0,3,0,0,1
"Leeds United","Joe Rodon",447,493,90.7,0.1,0.1,-0.1,2,24,0,0,39
"Leeds United","Anton Stach",237,315,75.2,1,0.6,0,13,23,6,2,40
"Leeds United","Pascal Struijk",476,513,92.8,0.1,0.1,-0.1,2,41,1,0,23
"Leeds United","Ao Tanaka",129,152,84.9,0.2,0.1,-0.2,4,15,2,1,15
"Liverpool","Alisson",211,254,83.1,0,0,0,0,3,0,0,4
"Liverpool","Conor Bradley",224,258,86.8,0,0.2,0,1,18,6,2,19
"Liverpool","Federico Chiesa",29,48,60.4,0.9,0.1,0.1,1,3,2,0,6
"Liverpool","Hugo Ekitike",72,103,69.9,0.4,0.2,0.6,5,2,4,0,9
"Liverpool","Harvey Elliott",4,8,50,0,0,0,0,0,0,0,0
"Liverpool","Wataru Endo",19,22,86.4,0.1,0,0.9,1,3,0,0,1
"Liverpool","Jeremie Frimpong",35,47,74.5,0.3,0.4,-0.3,1,2,1,1,3
"Liverpool","Cody Gakpo",185,257,72,2.9,1.9,-0.9,19,8,14,3,26
"Liverpool","Joe Gomez",17,24,70.8,0,0.1,0,0,1,0,0,1
"Liverpool","Ryan Gravenberch",382,437,87.4,0.6,0.4,0.4,6,38,3,0,35
"Liverpool","Alexander Isak",32,49,65.3,0.5,0,0.5,1,2,1,0,7
"Liverpool","Curtis Jones",240,261,92,0.4,0.9,-0.4,3,33,12,1,46
"Liverpool","Milos Kerkez",315,387,81.4,0.3,0.2,-0.3,4,29,7,2,34
"Liverpool","Ibrahima Konaté",494,548,90.1,0.5,0.3,-0.5,5,42,2,0,37
"Liverpool","Alexis Mac Allister",228,273,83.5,1.1,0.3,-0.1,6,23,3,1,19
"Liverpool","Giorgi Mamardashvili",109,142,76.8,0,0,0,0,5,0,0,0
"Liverpool","Rio Ngumoha",12,13,92.3,0.1,0.1,-0.1,2,0,0,0,0
"Liverpool","Andrew Robertson",88,117,75.2,0.3,0.4,-0.3,5,13,5,4,11
"Liverpool","Mohamed Salah",182,267,68.2,1.6,1.2,0.4,16,8,18,4,30
"Liverpool","Dominik Szoboszlai",542,652,83.1,1.3,1,-0.3,13,62,12,5,69
"Liverpool","Virgil van Dijk",627,700,89.6,0.1,0.2,-0.1,2,73,1,0,56
"Liverpool","Florian Wirtz",252,329,76.6,1.1,1.1,-1.1,15,24,11,0,44
"Manchester City","Rayan Aït-Nouri",105,121,86.8,0.2,0.5,-0.2,2,6,0,0,7
"Manchester City","Nathan Aké",155,171,90.6,0.1,0.2,-0.1,1,18,3,2,20
"Manchester City","Oscar Bobb",161,179,89.9,0.6,0.9,0.4,8,5,14,2,16
"Manchester City","Rayan Cherki",65,77,84.4,0.9,0.5,-0.9,2,7,3,0,6
"Manchester City","Rúben Dias",479,512,93.6,0,0.2,0,0,27,0,0,26
"Manchester City","Jeremy Doku",140,171,81.9,2.4,1.6,0.6,15,8,10,2,17
"Manchester City","Gianluigi Donnarumma",110,147,74.8,0,0,0,0,1,0,0,0
"Manchester City","Phil Foden",254,310,81.9,0.7,1,-0.7,10,18,9,0,26
"Manchester City","Nicolás González",337,374,90.1,0.4,0.4,-0.4,4,33,0,0,28
"Manchester City","Joško Gvardiol",242,268,90.3,0.3,0.2,0.7,2,27,3,1,21
"Manchester City","Erling Haaland",62,95,65.3,1.1,0.7,-0.1,4,5,1,0,6
"Manchester City","Abdukodir Khusanov",121,148,81.8,0,0,0,0,3,0,0,5
"Manchester City","Mateo Kovačić",22,22,100,0,0,0,0,2,0,0,1
"Manchester City","Rico Lewis",123,137,89.8,1,0.9,0,2,12,1,0,19
"Manchester City","Omar Marmoush",39,49,79.6,1,0.5,0,2,2,1,0,5
"Manchester City","Matheus Nunes",358,403,88.8,0.2,0.3,-0.2,2,25,3,0,22
"Manchester City","Nico O’Reilly",266,319,83.4,0.4,0.4,0.6,5,8,4,2,10
"Manchester City","Tijjani Reijnders",340,389,87.4,1.4,0.6,0.6,9,29,5,0,30
"Manchester City","Rodri",209,241,86.7,0.1,0.2,-0.1,3,19,1,0,19
"Manchester City","Sávio",103,122,84.4,0.3,0.4,0.7,2,2,3,0,6
"Manchester City","Bernardo Silva",209,242,86.4,1.7,1.1,-0.7,8,22,4,2,18
"Manchester City","John Stones",201,220,91.4,0,0,0,0,11,1,0,14
"Manchester City","James Trafford",88,118,74.6,0,0,0,0,0,0,0,0
"Manchester Utd","Altay Bayındır",122,192,63.5,0.2,0,-0.2,1,8,1,0,0
"Manchester Utd","Casemiro",216,265,81.5,0.3,0.1,0.7,3,18,0,0,24
"Manchester Utd","Matheus Cunha",131,161,81.4,0.5,0.9,-0.5,6,11,8,3,22
"Manchester Utd","Diogo Dalot",189,250,75.6,1,0.9,0,8,8,8,5,15
"Manchester Utd","Amad Diallo",238,267,89.1,1.2,1,-0.2,10,9,10,1,27
"Manchester Utd","Patrick Dorgu",163,228,71.5,0.9,0.6,0.1,7,5,7,3,8
"Manchester Utd","Bruno Fernandes",425,548,77.6,2,1.6,-1,24,56,14,2,72
"Manchester Utd","Ayden Heaven",13,14,92.9,0.3,0.1,0.7,1,2,1,0,1
"Manchester Utd","Senne Lammens",55,144,38.2,0,0,0,0,3,0,0,0
"Manchester Utd","Matthijs de Ligt",360,415,86.7,0.5,0.5,-0.5,2,18,4,3,16
"Manchester Utd","Harry Maguire",105,131,80.2,0.4,0,0.6,1,6,0,0,12
"Manchester Utd","Kobbie Mainoo",70,81,86.4,0.2,0.1,-0.2,4,8,2,1,7
"Manchester Utd","Noussair Mazraoui",74,97,76.3,0,0.1,0,0,12,2,2,19
"Manchester Utd","Bryan Mbeumo",220,297,74.1,2.3,2,-1.3,16,12,15,7,20
"Manchester Utd","Mason Mount",88,119,73.9,0.5,0.5,-0.5,6,16,3,0,19
"Manchester Utd","Benjamin Šeško",63,101,62.4,0.3,0.2,0.7,7,5,2,0,9
"Manchester Utd","Luke Shaw",383,456,84,0.1,0.1,0.9,2,30,2,0,34
"Manchester Utd","Manuel Ugarte",122,144,84.7,0,0,0,1,17,0,0,19
"Manchester Utd","Leny Yoro",264,304,86.8,0,0.1,0,1,17,1,1,20
"Manchester Utd","Joshua Zirkzee",29,36,80.6,0,0,0,1,3,0,0,4
"Newcastle Utd","Harvey Barnes",82,113,72.6,0.8,0.9,-0.8,6,6,9,4,16
"Newcastle Utd","Sven Botman",249,289,86.2,0.2,0.3,-0.2,2,3,0,0,12
"Newcastle Utd","Dan Burn",291,411,70.8,0.1,0.2,0.9,3,16,4,1,26
"Newcastle Utd","Anthony Elanga",105,160,65.6,0.6,0.3,-0.6,6,5,6,5,6
"Newcastle Utd","Anthony Gordon",95,127,74.8,1,0.6,-1,7,10,3,1,12
"Newcastle Utd","Bruno Guimarães",296,358,82.7,0.5,0.9,-0.5,11,38,12,0,55
"Newcastle Utd","Lewis Hall",52,78,66.7,0,0,0,0,5,1,0,9
"Newcastle Utd","Joelinton",161,198,81.3,0.9,0.4,-0.9,5,22,1,0,32
"Newcastle Utd","Jamaal Lascelles",6,8,75,0,0,0,0,0,0,0,0
"Newcastle Utd","Valentino Livramento",235,289,81.3,0.2,0.4,0.8,3,24,5,2,24
"Newcastle Utd","Lewis Miley",138,162,85.2,0.3,0.3,0.7,4,10,1,0,10
"Newcastle Utd","Jacob Murphy",95,155,61.3,1.1,0.9,-0.1,4,11,8,3,11
"Newcastle Utd","William Osula",18,21,85.7,0.1,0,-0.1,1,1,0,0,2
"Newcastle Utd","Nick Pope",174,263,66.2,0,0,0,0,0,0,0,0
"Newcastle Utd","Jacob Ramsey",39,43,90.7,0.3,0.1,-0.3,4,1,1,1,5
"Newcastle Utd","Fabian Schär",209,252,82.9,0.1,0.1,-0.1,2,21,1,0,17
"Newcastle Utd","Malick Thiaw",201,230,87.4,0.3,0.3,-0.3,1,16,1,0,24
"Newcastle Utd","Sandro Tonali",370,460,80.4,1.6,1.1,-0.6,14,50,7,2,58
"Newcastle Utd","Kieran Trippier",411,514,80,0.8,0.8,-0.8,14,41,10,2,64
"Newcastle Utd","Joe Willock",15,20,75,0,0,0,0,1,0,0,1
"Newcastle Utd","Nick Woltemade",70,91,76.9,0.2,0.2,-0.2,3,4,3,0,9
"Nott'ham Forest","Ola Aina",125,157,79.6,0.1,0.3,-0.1,2,13,2,1,11
"Nott'ham Forest","Elliot Anderson",569,667,85.3,1.3,1,-0.3,10,68,11,4,71
"Nott'ham Forest","Taiwo Awoniyi",6,7,85.7,0.1,0,-0.1,1,0,0,0,0
"Nott'ham Forest","Dilane Bakwa",72,96,75,0.4,0.3,-0.4,5,3,2,1,9
"Nott'ham Forest","Jair Cunha",38,49,77.6,0,0,0,0,2,0,0,1
"Nott'ham Forest","Nicolás Domínguez",37,38,97.4,0,0,0,0,12,0,0,5
"Nott'ham Forest","Morgan Gibbs-White",297,369,80.5,0.6,0.9,0.4,8,36,13,4,56
"Nott'ham Forest","Callum Hudson-Odoi",164,209,78.5,1.3,0.9,-1.3,11,3,12,3,22
"Nott'ham Forest","Omari Hutchinson",26,37,70.3,0.6,0.4,-0.6,4,1,4,3,2
"Nott'ham Forest","Igor Jesus",32,43,74.4,0,0.1,0,1,0,1,0,1
"Nott'ham Forest","Arnaud Kalimuendo",23,29,79.3,0,0,0,1,1,1,0,2
"Nott'ham Forest","Douglas Luiz",69,83,83.1,0.4,0.2,-0.4,2,2,0,0,1
"Nott'ham Forest","James Mcatee",55,62,88.7,0.4,0.2,-0.4,3,5,4,0,9
"Nott'ham Forest","Nikola Milenković",393,430,91.4,0.3,0.2,-0.3,1,37,4,0,24
"Nott'ham Forest","Morato",257,290,88.6,0,0,0,0,13,1,0,15
"Nott'ham Forest","Murillo",223,270,82.6,0,0.2,0,0,28,0,0,28
"Nott'ham Forest","Dan Ndoye",103,146,70.5,0.6,0.6,0.4,6,4,6,3,9
"Nott'ham Forest","Ibrahim Sangaré",249,279,89.2,0,0.1,0,1,32,2,0,32
"Nott'ham Forest","Nicolò Savona",68,88,77.3,0,0,0,1,4,1,0,5
"Nott'ham Forest","Matz Sels",151,220,68.6,0,0,0,0,6,0,0,0
"Nott'ham Forest","Jota Silva",2,3,66.7,0,0,0,0,0,0,0,0
"Nott'ham Forest","Neco Williams",373,468,79.7,0.5,0.4,-0.5,7,29,4,4,40
"Nott'ham Forest","Chris Wood",54,81,66.7,0.2,0.1,-0.2,3,4,1,0,7
"Nott'ham Forest","Ryan Yates",47,51,92.2,0,0,0,0,4,1,0,5
"Nott'ham Forest","Oleksandr Zinchenko",194,216,89.8,0.5,0.3,-0.5,3,22,5,1,22
"Sunderland","Simon Adingra",48,69,69.6,0.6,0.2,-0.6,5,0,4,2,2
"Sunderland","Omar Alderete",311,369,84.3,0.1,0.3,0.9,2,26,3,2,31
"Sunderland","Daniel Ballard",115,141,81.6,0.6,0.3,-0.6,4,7,1,0,7
"Sunderland","Brian Brobbey",6,13,46.2,0.1,0,0.9,1,1,0,0,2
"Sunderland","Habib Diarra",93,121,76.9,0,0.1,0,1,11,2,0,13
"Sunderland","Lutsharel Geertruida",48,61,78.7,0,0.2,0,0,2,1,0,2
"Sunderland","Marc Guiu",3,5,60,0,0,0,0,0,1,0,1
"Sunderland","Trai Hume",270,388,69.6,0.4,0.4,0.6,6,28,7,2,30
"Sunderland","Wilson Isidor",30,46,65.2,0,0,0,0,4,0,0,4
"Sunderland","Enzo Le Fée",173,221,78.3,0.5,0.3,-0.5,6,15,5,2,14
"Sunderland","Reinildo Mandava",210,255,82.4,0,0.1,0,0,23,2,1,27
"Sunderland","Arthur Masuaku",45,62,72.6,0.1,0.1,-0.1,1,3,1,1,5
"Sunderland","Eliezer Mayenda",12,17,70.6,0.5,0.1,-0.5,2,0,1,0,3
"Sunderland","Nordi Mukiele",249,338,73.7,0.3,0.3,-0.3,4,12,0,0,17
"Sunderland","Dan Neil",0,0,NA,0,0,0,0,0,0,0,0
"Sunderland","Chris Rigg",30,42,71.4,0.1,0.1,-0.1,2,1,2,0,3
"Sunderland","Patrick Roberts",17,21,81,0,0,0,0,3,0,0,1
"Sunderland","Robin Roefs",219,349,62.8,0.2,0,-0.2,2,13,1,0,0
"Sunderland","Noah Sadiki",269,318,84.6,0.2,0.4,-0.2,4,18,5,2,23
"Sunderland","Jenson Seelt",96,110,87.3,0,0,0,0,6,0,0,14
"Sunderland","Chemsdine Talbi",124,165,75.2,0.3,0.3,0.7,5,3,3,2,4
"Sunderland","Bertrand Traoré",46,63,73,0.7,0.1,-0.7,3,2,3,1,2
"Sunderland","Granit Xhaka",405,512,79.1,1.1,0.8,1.9,11,48,6,1,50
"Tottenham","Rodrigo Bentancur",244,282,86.5,0.2,0.4,-0.2,4,20,3,0,23
"Tottenham","Lucas Bergvall",107,149,71.8,0.3,0.2,0.7,2,13,4,1,18
"Tottenham","Kevin Danso",83,95,87.4,0,0,0,0,4,1,0,6
"Tottenham","Archie Gray",40,43,93,0,0,0,1,10,1,0,7
"Tottenham","Brennan Johnson",49,75,65.3,0.2,0.1,-0.2,3,5,2,1,6
"Tottenham","Randal Kolo Muani",1,1,100,0,0,0,0,0,0,0,0
"Tottenham","Mohammed Kudus",180,245,73.5,2,1.2,2,14,11,11,8,17
"Tottenham","Pape Matar Sarr",134,164,81.7,0.5,0.3,1.5,2,16,0,0,12
"Tottenham","Wilson Odobert",106,126,84.1,0.3,0.4,-0.3,3,11,6,1,17
"Tottenham","João Palhinha",240,295,81.4,0.1,0.3,0.9,2,21,1,0,19
"Tottenham","Pedro Porro",306,439,69.7,0.8,0.9,-0.8,12,42,9,7,39
"Tottenham","Richarlison",47,80,58.8,0.9,0.3,0.1,5,4,1,0,9
"Tottenham","Cristian Romero",382,427,89.5,0.2,0.2,0.8,2,27,3,0,32
"Tottenham","Xavi Simons",109,143,76.2,0.6,0.6,0.4,6,7,7,2,22
"Tottenham","Dominic Solanke",2,2,100,0,0,0,0,0,0,0,0
"Tottenham","Djed Spence",238,296,80.4,0.1,0.2,-0.1,2,27,4,1,29
"Tottenham","Mathys Tel",27,40,67.5,0,0,0,0,4,1,1,3
"Tottenham","Destiny Udogie",184,217,84.8,0.2,0.2,-0.2,3,21,5,0,21
"Tottenham","Micky van de Ven",439,476,92.2,0.1,0.2,-0.1,2,24,0,0,23
"Tottenham","Guglielmo Vicario",278,340,81.8,0,0,0,0,6,0,0,0
"West Ham","Nayef Aguerd",106,119,89.1,0,0,0,0,12,0,0,9
"West Ham","Alphonse Areola",106,171,62,0,0,0,0,5,0,0,0
"West Ham","Jarrod Bowen",156,220,70.9,1.4,1.2,-0.4,9,8,10,4,18
"West Ham","El Hadji Malick Diouf",284,386,73.6,0.7,0.8,2.3,7,19,8,3,26
"West Ham","Mateus Fernandes",183,209,87.6,0.6,0.3,-0.6,5,14,3,0,15
"West Ham","Niclas Füllkrug",53,87,60.9,0.6,0.2,-0.6,6,2,3,0,5
"West Ham","Luis Guilherme",10,10,100,0,0,0,0,0,0,0,0
"West Ham","Mads Hermansen",104,157,66.2,0,0,0,0,6,0,0,0
"West Ham","Igor",0,0,NA,0,0,0,0,0,0,0,0
"West Ham","Andy Irving",86,104,82.7,0.1,0.1,-0.1,2,7,0,0,12
"West Ham","Max Kilman",366,408,89.7,0.2,0.2,-0.2,2,18,1,1,20
"West Ham","Soungoutou Magassa",63,76,82.9,0,0,0,0,5,0,0,2
"West Ham","Callum Marshall",2,4,50,0,0,0,0,0,0,0,1
"West Ham","Konstantinos Mavropanos",221,253,87.4,0,0,0,0,15,1,0,17
"West Ham","Lucas Paquetá",337,455,74.1,0.9,1.1,-0.9,13,38,12,2,60
"West Ham","Freddie Potts",78,97,80.4,0,0,0,0,8,0,0,6
"West Ham","Guido Rodríguez",31,37,83.8,0,0,0,0,2,1,0,5
"West Ham","Oliver Scarles",20,24,83.3,0,0,0,0,3,0,0,2
"West Ham","Tomáš Souček",114,155,73.5,0,0,0,1,6,1,0,10
"West Ham","Crysencio Summerville",125,149,83.9,0.2,0.5,0.8,3,5,4,1,16
"West Ham","Jean-Clair Todibo",176,202,87.1,0,0,0,0,16,0,0,16
"West Ham","Kyle Walker-Peters",205,241,85.1,0.1,0.1,-0.1,3,14,3,0,16
"West Ham","Aaron Wan-Bissaka",196,241,81.3,0.2,0.2,-0.2,3,9,6,5,13
"West Ham","James Ward-Prowse",185,218,84.9,0.9,0.9,-0.9,12,19,5,1,20
"West Ham","Callum Wilson",18,30,60,0,0.1,0,1,1,0,0,1
"Wolves","Emmanuel Agbadou",287,362,79.3,0.1,0.3,-0.1,2,36,5,2,26
"Wolves","André",249,272,91.5,0,0.1,0,0,22,1,0,24
"Wolves","Jhon Arias",163,195,83.6,0.4,0.3,-0.4,8,12,4,1,17
"Wolves","Tolu Arokodare",13,25,52,0.1,0,-0.1,1,1,0,0,0
"Wolves","Jean-Ricner Bellegarde",76,101,75.2,0.3,0.2,-0.3,3,2,6,0,17
"Wolves","Hugo Bueno",226,298,75.8,0.8,1.1,-0.8,11,9,16,15,12
"Wolves","Santiago Bueno",184,213,86.4,0.1,0.4,-0.1,3,8,1,1,14
"Wolves","Matt Doherty",120,149,80.5,0.1,0,-0.1,1,8,0,0,9
"Wolves","João Gomes",311,367,84.7,0.2,0.4,-0.2,5,34,13,5,44
"Wolves","Rodrigo Gomes",61,78,78.2,0.1,0.2,-0.1,1,1,1,1,4
"Wolves","Toti Gomes",250,295,84.7,0,0,0,2,19,0,0,10
"Wolves","Hwang Hee-chan",42,71,59.2,0,0.1,0,1,3,2,1,7
"Wolves","Ki-Jana Hoever",42,62,67.7,0.2,0.2,-0.2,2,6,4,3,2
"Wolves","Sam Johnstone",110,183,60.1,0,0,0,0,6,0,0,0
"Wolves","Sasa Kalajdzic",4,6,66.7,0,0,0,0,0,0,0,0
"Wolves","Ladislav Krejčí",254,290,87.6,0.2,0.3,-0.2,4,28,4,1,24
"Wolves","Fer López",53,70,75.7,0.7,0.5,0.3,3,7,6,0,14
"Wolves","Yerson Mosquera",65,70,92.9,0,0,0,0,1,0,0,0
"Wolves","Marshall Munetsi",68,120,56.7,0.5,0.3,0.5,3,7,2,2,11
"Wolves","David Møller Wolfe",28,54,51.9,0.3,0.1,0.7,1,2,1,1,3
"Wolves","José Sá",89,131,67.9,0.1,0,-0.1,1,3,1,0,0
"Wolves","Jørgen Strand Larsen",62,93,66.7,0.3,0.2,-0.3,2,8,0,0,3
"Wolves","Jackson Tchatchoua",131,182,72,0.1,0.1,-0.1,4,4,3,3,4
